{"cameraMode":{"drawMode":0,"name":"Shaded","section":"Shading Mode"},"sceneLighting":true,"audioPlay":false,"sceneViewState":{"showFog":true,"showMaterialUpdate":false,"showSkybox":true,"showFlares":true,"showImageEffects":true,"showParticleSystems":true},"in2DMode":false,"pivot":{"x":7.0791916847229,"y":-17.359529495239259,"z":44.493324279785159},"rotation":{"x":0.20496004819869996,"y":0.07333981245756149,"z":-0.015422607772052288,"w":0.9759244918823242},"size":40.25386047363281,"orthographic":false}